"Guid","AccountId","AssistantName","AssistantPhone","Birthdate","Department","Description","Email","EmailBouncedReason","Fax","FirstName","HomePhone","Jigsaw","LastName","LeadSource","MailingCity","MailingCountry","MailingGeocodeAccuracy","MailingLatitude","MailingLongitude","MailingPostalCode","MailingState","MailingStreet","MobilePhone","OtherCity","OtherCountry","OtherGeocodeAccuracy","OtherLatitude","OtherLongitude","OtherPhone","OtherPostalCode","OtherState","OtherStreet","Phone","ReportsToId","Salutation","Title"
13048b68-ff48-4347-beda-e4a2f4983a35,c4ebae6b-8e43-4eb1-9579-3fd9a1eb43c5,"#N/A","#N/A","#N/A","#N/A","#N/A",deqhj@salesforce.com,"#N/A","#N/A","#N/A","#N/A","#N/A",Last Name bmerv,"#N/A","#N/A","#N/A","#N/A","#N/A","#N/A","#N/A","#N/A","#N/A","#N/A","#N/A","#N/A","#N/A","#N/A","#N/A","#N/A","#N/A","#N/A","#N/A","#N/A","#N/A","#N/A",Big Boss law
18ccc599-c2e1-4448-a291-22259fb66213,5011595a-d6bc-47b3-9174-a4674d8f9105,"#N/A","#N/A","#N/A","#N/A","#N/A",lbffq@salesforce.com,"#N/A","#N/A","#N/A","#N/A","#N/A",Last Name pclee,"#N/A","#N/A","#N/A","#N/A","#N/A","#N/A","#N/A","#N/A","#N/A","#N/A","#N/A","#N/A","#N/A","#N/A","#N/A","#N/A","#N/A","#N/A","#N/A","#N/A","#N/A","#N/A",Big Boss tfw
1d6a3ac5-3334-461a-b7c3-4ab5f38682a6,c2a0c324-61b8-41ac-a5b8-5a0fd18feb9e,"#N/A","#N/A","#N/A","#N/A","#N/A",hhoux@salesforce.com,"#N/A","#N/A","#N/A","#N/A","#N/A",Last Name wtxlm,"#N/A","#N/A","#N/A","#N/A","#N/A","#N/A","#N/A","#N/A","#N/A","#N/A","#N/A","#N/A","#N/A","#N/A","#N/A","#N/A","#N/A","#N/A","#N/A","#N/A","#N/A","#N/A",Big Boss bmj
5eeb34b0-a06e-40d8-a8bd-323643a11076,6f294247-dd6b-47c2-b89e-e1cf308ca9bc,"#N/A","#N/A","#N/A","#N/A","#N/A",xwgsp@salesforce.com,"#N/A","#N/A","#N/A","#N/A","#N/A",Last Name cfrqs,"#N/A","#N/A","#N/A","#N/A","#N/A","#N/A","#N/A","#N/A","#N/A","#N/A","#N/A","#N/A","#N/A","#N/A","#N/A","#N/A","#N/A","#N/A","#N/A","#N/A","#N/A","#N/A",Big Boss fjk
80775bb7-31d3-498b-9f12-6c7059e2a64d,b37d36db-852d-4c7e-bb5e-20402ccbf4e9,"#N/A","#N/A","#N/A","#N/A","#N/A",buwab@salesforce.com,"#N/A","#N/A","#N/A","#N/A","#N/A",Last Name zqjbp,"#N/A","#N/A","#N/A","#N/A","#N/A","#N/A","#N/A","#N/A","#N/A","#N/A","#N/A","#N/A","#N/A","#N/A","#N/A","#N/A","#N/A","#N/A","#N/A","#N/A","#N/A","#N/A",Big Boss eel
8bea3013-4af8-4eda-94aa-f9adbecead57,2784541e-171e-43be-a781-cca05a33ebf1,"#N/A","#N/A","#N/A","#N/A","#N/A",roqka@salesforce.com,"#N/A","#N/A","#N/A","#N/A","#N/A",Last Name nowrh,"#N/A","#N/A","#N/A","#N/A","#N/A","#N/A","#N/A","#N/A","#N/A","#N/A","#N/A","#N/A","#N/A","#N/A","#N/A","#N/A","#N/A","#N/A","#N/A","#N/A","#N/A","#N/A",Big Boss kon
a327e4e9-3d80-4070-b5e8-f1ecf0db96d2,0c8432b4-3f69-4082-87cc-fbfe72cc9fcf,"#N/A","#N/A","#N/A","#N/A","#N/A",ykimj@salesforce.com,"#N/A","#N/A","#N/A","#N/A","#N/A",Last Name nsjyv,"#N/A","#N/A","#N/A","#N/A","#N/A","#N/A","#N/A","#N/A","#N/A","#N/A","#N/A","#N/A","#N/A","#N/A","#N/A","#N/A","#N/A","#N/A","#N/A","#N/A","#N/A","#N/A",Big Boss azs
b0a59161-8e4d-4320-b550-d87832b21b92,602f372e-c245-450f-9008-a79d36d223cd,"#N/A","#N/A","#N/A","#N/A","#N/A",atqio@salesforce.com,"#N/A","#N/A","#N/A","#N/A","#N/A",Last Name hxchc,"#N/A","#N/A","#N/A","#N/A","#N/A","#N/A","#N/A","#N/A","#N/A","#N/A","#N/A","#N/A","#N/A","#N/A","#N/A","#N/A","#N/A","#N/A","#N/A","#N/A","#N/A","#N/A",Big Boss opt
b428330f-36f8-41e4-a298-0ad811b080e2,aa2fadeb-b01d-4eeb-aa68-f99edee0074c,"#N/A","#N/A","#N/A","#N/A","#N/A",bjaph@salesforce.com,"#N/A","#N/A","#N/A","#N/A","#N/A",Last Name hqxxl,"#N/A","#N/A","#N/A","#N/A","#N/A","#N/A","#N/A","#N/A","#N/A","#N/A","#N/A","#N/A","#N/A","#N/A","#N/A","#N/A","#N/A","#N/A","#N/A","#N/A","#N/A","#N/A",Big Boss qlz
fb8dddc0-5ebd-4a31-8437-d72e04b62c89,d833e140-35e3-4861-be3f-8537a5632c8b,"#N/A","#N/A","#N/A","#N/A","#N/A",mfrpj@salesforce.com,"#N/A","#N/A","#N/A","#N/A","#N/A",Last Name vaaye,"#N/A","#N/A","#N/A","#N/A","#N/A","#N/A","#N/A","#N/A","#N/A","#N/A","#N/A","#N/A","#N/A","#N/A","#N/A","#N/A","#N/A","#N/A","#N/A","#N/A","#N/A","#N/A",Big Boss gkq
