Guid,Name
5262973d-6198-4ad8-9515-194c3583a0f2,API Test Custom Object Td
e5544bb2-89c6-49ff-a825-388508a7cf84,API Test Custom Object je
27eb22d8-fb6b-406a-8481-eb50fd68945b,API Test Custom Object Vn
71a1904e-d448-4cbe-9057-4f2cde4ee06f,API Test Custom Object iT
5eddfe5d-bf34-4184-afec-f7fa31ecd9f1,API Test Custom Object qi
df5312f0-7a50-4ead-bfc2-b7fdcb6449a8,API Test Custom Object LP
3156f532-939f-4a15-8585-b7fa587c9421,API Test Custom Object li
ea8978ae-8f69-49b7-9060-a03ad8199e5a,API Test Custom Object cf
9712c4a2-cde6-4a7b-bdac-80dc64f24df8,API Test Custom Object Hy
ebacbbb3-e562-4670-9a2f-546dbdb38400,API Test Custom Object mp
